{"cameraMode":{"drawMode":0,"name":"Shaded","section":"Shading Mode"},"sceneLighting":true,"audioPlay":false,"sceneViewState":{"showFog":true,"showMaterialUpdate":false,"showSkybox":true,"showFlares":true,"showImageEffects":true,"showParticleSystems":true},"in2DMode":false,"pivot":{"x":-8.188993453979493,"y":1.759739637374878,"z":-4.554337978363037},"rotation":{"x":-0.11226987093687058,"y":-0.012475249357521534,"z":0.0015684838872402907,"w":-0.9936709403991699},"size":3.4173502922058107,"orthographic":false}