{"cameraMode":{"drawMode":0,"name":"Shaded","section":"Shading Mode"},"sceneLighting":false,"audioPlay":false,"sceneViewState":{"showFog":true,"showMaterialUpdate":false,"showSkybox":false,"showFlares":true,"showImageEffects":true,"showParticleSystems":true},"in2DMode":false,"pivot":{"x":0.08552831411361695,"y":5.389999866485596,"z":-12.331415176391602},"rotation":{"x":-0.14670699834823609,"y":0.6127036213874817,"z":-0.11692480742931366,"w":-0.7677914500236511},"size":0.995755136013031,"orthographic":false}