{"cameraMode":{"drawMode":0,"name":"Shaded","section":"Shading Mode"},"sceneLighting":true,"audioPlay":false,"sceneViewState":{"showFog":true,"showMaterialUpdate":false,"showSkybox":true,"showFlares":true,"showImageEffects":true,"showParticleSystems":true},"in2DMode":false,"pivot":{"x":-13.800265312194825,"y":1.3180747032165528,"z":-3.064957618713379},"rotation":{"x":0.045941662043333057,"y":-0.9502854943275452,"z":0.25688403844833376,"w":0.17001739144325257},"size":7.12264347076416,"orthographic":false}